Data,Valoare_EUR
2020-02-24,4.8024
2020-02-25,4.8079
2020-02-26,4.8074
2020-02-27,4.8068
2020-02-28,4.8127
2020-03-02,4.8103
2020-03-03,4.8074
2020-03-04,4.8057
2020-03-05,4.8086
2020-03-06,4.811
2020-03-09,4.8184
2020-03-10,4.817
2020-03-11,4.8167
2020-03-12,4.8157
2020-03-13,4.8174
2020-03-16,4.8242
2020-03-17,4.8448
2020-03-18,4.8438
2020-03-19,4.844
2020-03-20,4.8444
2020-03-23,4.8443
2020-03-24,4.8445
2020-03-25,4.8367
2020-03-26,4.8345
2020-03-27,4.8332
2020-03-30,4.8297
2020-03-31,4.8254
2020-04-01,4.8246
2020-04-02,4.8288
2020-04-03,4.8286
2020-04-06,4.828
2020-04-07,4.8314
2020-04-08,4.8338
2020-04-09,4.8278
2020-04-10,4.8277
2020-04-13,4.8297
2020-04-14,4.8327
2020-04-15,4.8345
2020-04-16,4.836
2020-04-21,4.8345
2020-04-22,4.8382
2020-04-23,4.8414
2020-04-24,4.8412
2020-04-27,4.836
2020-04-28,4.8436
2020-04-29,4.8425
2020-04-30,4.8421
2020-05-04,4.8387
2020-05-05,4.829
2020-05-06,4.8258
2020-05-07,4.8242
2020-05-08,4.8278
2020-05-11,4.8295
2020-05-12,4.8297
2020-05-13,4.8349
2020-05-14,4.8376
2020-05-15,4.839
2020-05-18,4.8392
2020-05-19,4.8395
2020-05-20,4.8421
2020-05-21,4.8425
2020-05-22,4.8422
2020-05-25,4.8396
2020-05-26,4.8415
2020-05-27,4.8432
2020-05-28,4.8421
2020-05-29,4.8426
2020-06-02,4.8419
2020-06-03,4.8398
2020-06-04,4.8387
2020-06-05,4.8393
2020-06-09,4.8377
2020-06-10,4.8338
2020-06-11,4.8358
2020-06-12,4.834
2020-06-15,4.8337
2020-06-16,4.836
2020-06-17,4.835
2020-06-18,4.8394
2020-06-19,4.8421
2020-06-22,4.8415
2020-06-23,4.8428
2020-06-24,4.8432
2020-06-25,4.8422
2020-06-26,4.8421
2020-06-29,4.8439
2020-06-30,4.8423
2020-07-01,4.8372
2020-07-02,4.8319
2020-07-03,4.8378
2020-07-06,4.8365
2020-07-07,4.8397
2020-07-08,4.8406
2020-07-09,4.8408
2020-07-10,4.8418
2020-07-13,4.8423
2020-07-14,4.843
2020-07-15,4.8433
2020-07-16,4.8429
2020-07-17,4.8428
2020-07-20,4.8427
2020-07-21,4.8417
2020-07-22,4.8401
2020-07-23,4.8353
2020-07-24,4.834
2020-07-27,4.8276
2020-07-28,4.8335
2020-07-29,4.8342
2020-07-30,4.8321
2020-07-31,4.8316
2020-08-03,4.8351
2020-08-04,4.8341
2020-08-05,4.8336
2020-08-06,4.8359
2020-08-07,4.8375
2020-08-10,4.8359
2020-08-11,4.8347
2020-08-12,4.8357
2020-08-13,4.8344
2020-08-14,4.8358
2020-08-17,4.8344
2020-08-18,4.8349
2020-08-19,4.839
2020-08-20,4.8396
2020-08-21,4.84
2020-08-24,4.8402
2020-08-25,4.8392
2020-08-26,4.8404
2020-08-27,4.8424
2020-08-28,4.8387
2020-08-31,4.8404
2020-09-01,4.8393
2020-09-02,4.8409
2020-09-03,4.8442
2020-09-04,4.8492
2020-09-07,4.8552
2020-09-08,4.8545
2020-09-09,4.859
2020-09-10,4.8573
2020-09-11,4.8567
2020-09-14,4.8573
2020-09-15,4.8567
2020-09-16,4.8586
2020-09-17,4.8595
2020-09-18,4.8582
2020-09-21,4.8583
2020-09-22,4.859
2020-09-23,4.8641
2020-09-24,4.8722
2020-09-25,4.875
2020-09-28,4.8705
2020-09-29,4.8738
2020-09-30,4.8698
2020-10-01,4.8721
2020-10-02,4.8718
2020-10-05,4.8695
2020-10-06,4.8742
2020-10-07,4.8729
2020-10-08,4.8741
2020-10-09,4.872
2020-10-12,4.8718
2020-10-13,4.8739
2020-10-14,4.8734
2020-10-15,4.8736
2020-10-16,4.8737
2020-10-19,4.8746
2020-10-20,4.8738
2020-10-21,4.8737
2020-10-22,4.873
2020-10-23,4.8744
2020-10-26,4.8731
2020-10-27,4.8741
2020-10-28,4.8746
2020-10-29,4.8747
2020-10-30,4.8743
2020-11-02,4.8643
2020-11-03,4.8675
2020-11-04,4.8672
2020-11-05,4.8657
2020-11-06,4.8668
2020-11-09,4.8674
2020-11-10,4.8667
2020-11-11,4.8678
2020-11-12,4.8686
2020-11-13,4.869
2020-11-16,4.8715
2020-11-17,4.8729
2020-11-18,4.8725
2020-11-19,4.8729
2020-11-20,4.873
2020-11-23,4.8732
2020-11-24,4.8703
2020-11-25,4.873
2020-11-26,4.8738
2020-11-27,4.8735
2020-12-02,4.8721
2020-12-03,4.8736
2020-12-04,4.8725
2020-12-07,4.8733
2020-12-08,4.8735
2020-12-09,4.868
2020-12-10,4.8692
2020-12-11,4.8693
2020-12-14,4.873
2020-12-15,4.8686
2020-12-16,4.8684
2020-12-17,4.8697
2020-12-18,4.8677
2020-12-21,4.8663
2020-12-22,4.8649
2020-12-23,4.8705
2020-12-24,4.872
2020-12-28,4.8735
2020-12-29,4.8743
2020-12-30,4.8744
2020-12-31,4.8694
2021-01-04,4.8691
2021-01-05,4.871
2021-01-06,4.87
2021-01-07,4.8701
2021-01-08,4.8704
2021-01-11,4.8709
2021-01-12,4.8715
2021-01-13,4.8738
2021-01-14,4.8728
2021-01-15,4.8737
2021-01-18,4.874
2021-01-19,4.8742
2021-01-20,4.8741
2021-01-21,4.8738
2021-01-22,4.874
2021-01-25,4.8744
2021-01-26,4.8746
2021-01-27,4.8745
2021-01-28,4.8742
2021-01-29,4.8743
2021-02-01,4.8728
2021-02-02,4.8739
2021-02-03,4.8713
2021-02-04,4.8742
2021-02-05,4.8744
2021-02-08,4.874
2021-02-09,4.8745
2021-02-10,4.8744
2021-02-11,4.8741
2021-02-12,4.8743
2021-02-15,4.8745
2021-02-16,4.8747
2021-02-17,4.8746
2021-02-18,4.8748
2021-02-19,4.8747
2021-02-22,4.8746
2021-02-23,4.8745
2021-02-24,4.8743
2021-02-25,4.8725
2021-02-26,4.8745
2021-03-01,4.8744
2021-03-02,4.8747
2021-03-03,4.8768
2021-03-04,4.8784
2021-03-05,4.8831
2021-03-08,4.8838
2021-03-09,4.8849
2021-03-10,4.8863
2021-03-11,4.8854
2021-03-12,4.8854
2021-03-15,4.8846
2021-03-16,4.8861
2021-03-17,4.8879
2021-03-18,4.8876
2021-03-19,4.8858
2021-03-22,4.885
2021-03-23,4.8888
2021-03-24,4.8886
2021-03-25,4.8864
2021-03-26,4.8869
2021-03-29,4.8972
2021-03-30,4.9156
2021-03-31,4.9251
2021-04-01,4.9117
2021-04-02,4.9106
2021-04-05,4.9161
2021-04-06,4.917
2021-04-07,4.9168
2021-04-08,4.9228
2021-04-09,4.9212
2021-04-12,4.9205
2021-04-13,4.9225
2021-04-14,4.9226
2021-04-15,4.9245
2021-04-16,4.9243
2021-04-19,4.9261
2021-04-20,4.9279
2021-04-21,4.926
2021-04-22,4.9255
2021-04-23,4.9257
2021-04-26,4.9238
2021-04-27,4.926
2021-04-28,4.927
2021-04-29,4.9247
2021-05-04,4.9256
2021-05-05,4.9254
2021-05-06,4.9266
2021-05-07,4.9262
2021-05-10,4.9259
2021-05-11,4.9265
2021-05-12,4.9263
2021-05-13,4.9265
2021-05-14,4.9253
2021-05-17,4.9256
2021-05-18,4.9268
2021-05-19,4.9267
2021-05-20,4.9265
2021-05-21,4.9268
2021-05-24,4.9261
2021-05-25,4.9246
2021-05-26,4.9225
2021-05-27,4.916
2021-05-28,4.919
2021-05-31,4.9198
2021-06-02,4.9197
2021-06-03,4.9227
2021-06-04,4.9228
2021-06-07,4.923
2021-06-08,4.9229
2021-06-09,4.9232
2021-06-10,4.9218
2021-06-11,4.9202
2021-06-14,4.9188
2021-06-15,4.9243
2021-06-16,4.9241
2021-06-17,4.9242
2021-06-18,4.925
2021-06-22,4.9253
2021-06-23,4.9259
2021-06-24,4.9242
2021-06-25,4.9254
2021-06-28,4.926
2021-06-29,4.9262
2021-06-30,4.9267
2021-07-01,4.9261
2021-07-02,4.9269
2021-07-05,4.9266
2021-07-06,4.9265
2021-07-07,4.927
2021-07-08,4.9268
2021-07-09,4.9281
2021-07-12,4.9275
2021-07-13,4.9278
2021-07-14,4.9283
2021-07-15,4.9277
2021-07-16,4.9274
2021-07-19,4.9262
2021-07-20,4.9253
2021-07-21,4.9247
2021-07-22,4.9241
2021-07-23,4.9219
2021-07-26,4.9208
2021-07-27,4.9194
2021-07-28,4.9197
2021-07-29,4.9209
2021-07-30,4.9198
2021-08-02,4.9171
2021-08-03,4.9183
2021-08-04,4.9184
2021-08-05,4.9176
2021-08-06,4.9145
2021-08-09,4.9131
2021-08-10,4.9161
2021-08-11,4.9158
2021-08-12,4.9148
2021-08-13,4.9118
2021-08-16,4.912
2021-08-17,4.9232
2021-08-18,4.9259
2021-08-19,4.9278
2021-08-20,4.9338
2021-08-23,4.9335
2021-08-24,4.9286
2021-08-25,4.9284
2021-08-26,4.9306
2021-08-27,4.9334
2021-08-30,4.9349
2021-08-31,4.9348
2021-09-01,4.9345
2021-09-02,4.9386
2021-09-03,4.9416
2021-09-06,4.9475
2021-09-07,4.9488
2021-09-08,4.9479
2021-09-09,4.9482
2021-09-10,4.9432
2021-09-13,4.9444
2021-09-14,4.9475
2021-09-15,4.9481
2021-09-16,4.9482
2021-09-17,4.9473
2021-09-20,4.9481
2021-09-21,4.9485
2021-09-22,4.9495
2021-09-23,4.949
2021-09-24,4.9491
2021-09-27,4.9488
2021-09-28,4.9481
2021-09-29,4.948
2021-09-30,4.9471
2021-10-01,4.9479
2021-10-04,4.9469
2021-10-05,4.9485
2021-10-06,4.9483
2021-10-07,4.9475
2021-10-08,4.947
2021-10-11,4.9486
2021-10-12,4.9485
2021-10-13,4.949
2021-10-14,4.9488
2021-10-15,4.9484
2021-10-18,4.9481
2021-10-19,4.949
2021-10-20,4.9488
2021-10-21,4.947
2021-10-22,4.9467
2021-10-25,4.9472
2021-10-26,4.9476
2021-10-27,4.9486
2021-10-28,4.949
2021-10-29,4.9489
2021-11-01,4.9488
2021-11-02,4.9487
2021-11-03,4.949
2021-11-04,4.9486
2021-11-05,4.9485
2021-11-08,4.9489
2021-11-09,4.9482
2021-11-10,4.949
2021-11-11,4.9489
2021-11-12,4.9476
2021-11-15,4.9489
2021-11-16,4.9487
2021-11-17,4.9491
2021-11-18,4.9488
2021-11-19,4.949
2021-11-22,4.9491
2021-11-23,4.9487
2021-11-24,4.9491
2021-11-25,4.949
2021-11-26,4.9491
2021-11-29,4.949
2021-12-02,4.949
2021-12-03,4.9487
2021-12-06,4.9483
2021-12-07,4.9485
2021-12-08,4.9488
2021-12-09,4.9491
2021-12-10,4.949
2021-12-13,4.9491
2021-12-14,4.9492
2021-12-15,4.9489
2021-12-16,4.9491
2021-12-17,4.9492
2021-12-20,4.9488
2021-12-21,4.9491
2021-12-22,4.9489
2021-12-23,4.9488
2021-12-24,4.949
2021-12-27,4.9492
2021-12-28,4.9491
2021-12-29,4.949
2021-12-30,4.9486
2021-12-31,4.9481
2022-01-03,4.9474
2022-01-04,4.9464
2022-01-05,4.946
2022-01-06,4.9431
2022-01-07,4.9436
2022-01-10,4.9439
2022-01-11,4.9452
2022-01-12,4.9445
2022-01-13,4.9435
2022-01-14,4.9432
2022-01-17,4.944
2022-01-18,4.9445
2022-01-19,4.9447
2022-01-20,4.9452
2022-01-21,4.9449
2022-01-25,4.944
2022-01-26,4.9443
2022-01-27,4.9453
2022-01-28,4.9459
2022-01-31,4.9468
2022-02-01,4.9464
2022-02-02,4.9462
2022-02-03,4.9457
2022-02-04,4.9462
2022-02-07,4.946
2022-02-08,4.9458
2022-02-09,4.9459
2022-02-10,4.945
2022-02-11,4.9447
2022-02-14,4.9455
2022-02-15,4.9434
2022-02-16,4.9405
2022-02-17,4.9439
2022-02-18,4.9445
2022-02-21,4.9447
2022-02-22,4.9458
2022-02-23,4.9463
2022-02-24,4.9489
2022-02-25,4.9479
2022-02-28,4.948
2022-03-01,4.9487
2022-03-02,4.949
2022-03-03,4.9489
2022-03-04,4.9491
2022-03-07,4.949
2022-03-08,4.9492
2022-03-09,4.949
2022-03-10,4.9488
2022-03-11,4.9489
2022-03-14,4.949
2022-03-15,4.9487
2022-03-16,4.9476
2022-03-17,4.9461
2022-03-18,4.9481
2022-03-21,4.9474
2022-03-22,4.9452
2022-03-23,4.9459
2022-03-24,4.949
2022-03-25,4.9489
2022-03-28,4.9483
2022-03-29,4.9475
2022-03-30,4.947
2022-03-31,4.9466
2022-04-01,4.9454
2022-04-04,4.9437
2022-04-05,4.9431
2022-04-06,4.9447
2022-04-07,4.9426
2022-04-08,4.9419
2022-04-11,4.9409
2022-04-12,4.9412
2022-04-13,4.9413
2022-04-14,4.9443
2022-04-15,4.9432
2022-04-18,4.9416
2022-04-19,4.9415
2022-04-20,4.9422
2022-04-21,4.9441
2022-04-26,4.9457
2022-04-27,4.9474
2022-04-28,4.9475
2022-04-29,4.948
2022-05-02,4.9476
2022-05-03,4.9469
2022-05-04,4.9471
2022-05-05,4.9486
2022-05-06,4.949
2022-05-09,4.9469
2022-05-10,4.9457
2022-05-11,4.9479
2022-05-12,4.948
2022-05-13,4.9458
2022-05-16,4.9469
2022-05-17,4.9477
2022-05-18,4.9472
2022-05-19,4.9474
2022-05-20,4.9477
2022-05-23,4.9472
2022-05-24,4.9457
2022-05-25,4.9417
2022-05-26,4.9423
2022-05-27,4.9429
2022-05-30,4.9438
2022-05-31,4.943
2022-06-02,4.9411
2022-06-03,4.9427
2022-06-06,4.9419
2022-06-07,4.9426
2022-06-08,4.9456
2022-06-09,4.9454
2022-06-10,4.9432
2022-06-14,4.9439
2022-06-15,4.9449
2022-06-16,4.9443
2022-06-17,4.9472
2022-06-20,4.9448
2022-06-21,4.9475
2022-06-22,4.9469
2022-06-23,4.9464
2022-06-24,4.9471
2022-06-27,4.9459
2022-06-28,4.9457
2022-06-29,4.943
2022-06-30,4.9454
2022-07-01,4.9461
2022-07-04,4.9448
2022-07-05,4.9449
2022-07-06,4.9454
2022-07-07,4.9451
2022-07-08,4.9439
2022-07-11,4.943
2022-07-12,4.9411
2022-07-13,4.9414
2022-07-14,4.9418
2022-07-15,4.9408
2022-07-18,4.939
2022-07-19,4.9395
2022-07-20,4.9399
2022-07-21,4.9391
2022-07-22,4.9324
2022-07-25,4.931
2022-07-26,4.9328
2022-07-27,4.9337
2022-07-28,4.9353
2022-07-29,4.9351
2022-08-01,4.9287
2022-08-02,4.9262
2022-08-03,4.9252
2022-08-04,4.9263
2022-08-05,4.9264
2022-08-08,4.921
2022-08-09,4.905
2022-08-10,4.9132
2022-08-11,4.909
2022-08-12,4.8909
2022-08-16,4.8831
2022-08-17,4.8849
2022-08-18,4.8793
2022-08-19,4.8806
2022-08-22,4.8853
2022-08-23,4.8851
2022-08-24,4.8818
2022-08-25,4.8756
2022-08-26,4.8734
2022-08-29,4.8707
2022-08-30,4.8652
2022-08-31,4.8605
2022-09-01,4.8525
2022-09-02,4.8344
2022-09-05,4.8215
2022-09-06,4.8287
2022-09-07,4.858
2022-09-08,4.8707
2022-09-09,4.8936
2022-09-12,4.9047
2022-09-13,4.9216
2022-09-14,4.9247
2022-09-15,4.9259
2022-09-16,4.9253
2022-09-19,4.9226
2022-09-20,4.9313
2022-09-21,4.9436
2022-09-22,4.9412
2022-09-23,4.9437
2022-09-26,4.9427
2022-09-27,4.9437
2022-09-28,4.9479
2022-09-29,4.9486
2022-09-30,4.949
2022-10-03,4.948
2022-10-04,4.9471
2022-10-05,4.9419
2022-10-06,4.9366
2022-10-07,4.941
2022-10-10,4.9395
2022-10-11,4.9367
2022-10-12,4.9397
2022-10-13,4.9416
2022-10-14,4.935
2022-10-17,4.936
2022-10-18,4.9357
2022-10-19,4.929
2022-10-20,4.9246
2022-10-21,4.913
2022-10-24,4.9139
2022-10-25,4.9038
2022-10-26,4.8793
2022-10-27,4.889
2022-10-28,4.9128
2022-10-31,4.9141
2022-11-01,4.9134
2022-11-02,4.9113
2022-11-03,4.901
2022-11-04,4.8876
2022-11-07,4.8871
2022-11-08,4.8912
2022-11-09,4.9052
2022-11-10,4.8919
2022-11-11,4.8902
2022-11-14,4.8982
2022-11-15,4.9032
2022-11-16,4.9209
2022-11-17,4.9267
2022-11-18,4.9418
2022-11-21,4.9417
2022-11-22,4.9253
2022-11-23,4.9385
2022-11-24,4.9309
2022-11-25,4.925
2022-11-28,4.9266
2022-11-29,4.9184
2022-12-02,4.9297
2022-12-05,4.9207
2022-12-06,4.9126
2022-12-07,4.9186
2022-12-08,4.9192
2022-12-09,4.9211
2022-12-12,4.9286
2022-12-13,4.9314
2022-12-14,4.9248
2022-12-15,4.9206
2022-12-16,4.9199
2022-12-19,4.9176
2022-12-20,4.914
2022-12-21,4.9023
2022-12-22,4.8981
2022-12-23,4.902
2022-12-27,4.9278
2022-12-28,4.9463
2022-12-29,4.9458
2022-12-30,4.9474
2023-01-03,4.9273
2023-01-04,4.9264
2023-01-05,4.9243
2023-01-06,4.9293
2023-01-09,4.9252
2023-01-10,4.9253
2023-01-11,4.9328
2023-01-12,4.9359
2023-01-13,4.9413
2023-01-16,4.9405
2023-01-17,4.9314
2023-01-18,4.9355
2023-01-19,4.9293
2023-01-20,4.9255
2023-01-23,4.9198
2023-01-25,4.9016
2023-01-26,4.8858
2023-01-27,4.8922
2023-01-30,4.903
2023-01-31,4.9221
2023-02-01,4.9148
2023-02-02,4.9024
2023-02-03,4.9005
2023-02-06,4.9036
2023-02-07,4.9022
2023-02-08,4.8962
2023-02-09,4.89
2023-02-10,4.9045
2023-02-13,4.9037
2023-02-14,4.9012
2023-02-15,4.8993
2023-02-16,4.9007
2023-02-17,4.904
2023-02-20,4.9196
2023-02-21,4.9193
2023-02-22,4.9248
2023-02-23,4.9115
2023-02-24,4.917
2023-02-27,4.9185
2023-02-28,4.92
2023-03-01,4.9267
2023-03-02,4.9218
2023-03-03,4.9213
2023-03-06,4.9209
2023-03-07,4.9209
2023-03-08,4.9157
2023-03-09,4.9156
2023-03-10,4.9136
2023-03-13,4.9155
2023-03-14,4.9253
2023-03-15,4.9207
2023-03-16,4.919
2023-03-17,4.92
2023-03-20,4.9219
2023-03-21,4.9209
2023-03-22,4.9232
2023-03-23,4.9214
2023-03-24,4.9255
2023-03-27,4.9405
2023-03-28,4.9481
2023-03-29,4.9479
2023-03-30,4.9485
2023-03-31,4.9491
2023-04-03,4.9419
2023-04-04,4.938
2023-04-05,4.9316
2023-04-06,4.937
2023-04-07,4.9367
2023-04-10,4.9315
2023-04-11,4.9338
2023-04-12,4.9381
2023-04-13,4.9432
2023-04-18,4.9372
2023-04-19,4.933
2023-04-20,4.9305
2023-04-21,4.9401
2023-04-24,4.9293
2023-04-25,4.934
2023-04-26,4.9401
2023-04-27,4.9439
2023-04-28,4.9353
2023-05-02,4.929
2023-05-03,4.9298
2023-05-04,4.9295
2023-05-05,4.9273
2023-05-08,4.9256
2023-05-09,4.9202
2023-05-10,4.9221
2023-05-11,4.9294
2023-05-12,4.9324
2023-05-15,4.9365
2023-05-16,4.9462
2023-05-17,4.961
2023-05-18,4.9731
2023-05-19,4.9783
2023-05-22,4.978
2023-05-23,4.971
2023-05-24,4.9624
2023-05-25,4.9578
2023-05-26,4.9575
2023-05-29,4.958
2023-05-30,4.964
2023-05-31,4.9696
2023-06-02,4.9633
2023-06-06,4.9615
2023-06-07,4.9578
2023-06-08,4.9543
2023-06-09,4.956
2023-06-12,4.9568
2023-06-13,4.9609
2023-06-14,4.9559
2023-06-15,4.9586
2023-06-16,4.9604
2023-06-19,4.9596
2023-06-20,4.9631
2023-06-21,4.9627
2023-06-22,4.9636
2023-06-23,4.9561
2023-06-26,4.9556
2023-06-27,4.963
2023-06-28,4.9583
2023-06-29,4.9644
2023-06-30,4.9634
2023-07-03,4.9517
2023-07-04,4.9503
2023-07-05,4.9473
2023-07-06,4.9507
2023-07-07,4.954
2023-07-10,4.9514
2023-07-11,4.9501
2023-07-12,4.951
2023-07-13,4.9437
2023-07-14,4.9426
2023-07-17,4.9406
2023-07-18,4.9385
2023-07-19,4.9465
2023-07-20,4.9403
2023-07-21,4.9377
2023-07-24,4.9245
2023-07-25,4.9198
2023-07-26,4.9292
2023-07-27,4.9285
2023-07-28,4.9322
2023-07-31,4.9346
2023-08-01,4.9334
2023-08-02,4.9339
2023-08-03,4.9382
2023-08-04,4.9521
2023-08-07,4.949
2023-08-08,4.9497
2023-08-09,4.9477
2023-08-10,4.9433
2023-08-11,4.9418
2023-08-14,4.9422
2023-08-16,4.9354
2023-08-17,4.9345
2023-08-18,4.9442
2023-08-21,4.9416
2023-08-22,4.9373
2023-08-23,4.9405
2023-08-24,4.9345
2023-08-25,4.9388
2023-08-28,4.9358
2023-08-29,4.9418
2023-08-30,4.9424
2023-08-31,4.9412
2023-09-01,4.944
2023-09-04,4.9465
2023-09-05,4.9491
2023-09-06,4.9615
2023-09-07,4.9632
2023-09-08,4.9643
2023-09-11,4.966
2023-09-12,4.969
2023-09-13,4.9697
2023-09-14,4.9695
2023-09-15,4.969
2023-09-18,4.9679
2023-09-19,4.9691
2023-09-20,4.9711
2023-09-21,4.9707
2023-09-22,4.9675
2023-09-25,4.9677
2023-09-26,4.9696
2023-09-27,4.9743
2023-09-28,4.9749
2023-09-29,4.9746
2023-10-02,4.9744
2023-10-03,4.9745
2023-10-04,4.9752
2023-10-05,4.97
2023-10-06,4.9631
2023-10-09,4.9682
2023-10-10,4.9656
2023-10-11,4.9658
2023-10-12,4.9627
2023-10-13,4.9645
2023-10-16,4.9654
2023-10-17,4.9676
2023-10-18,4.9705
2023-10-19,4.972
2023-10-20,4.9734
2023-10-23,4.9724
2023-10-24,4.9678
2023-10-25,4.9628
2023-10-26,4.9643
2023-10-27,4.9681
2023-10-30,4.9647
2023-10-31,4.9669
2023-11-01,4.9685
2023-11-02,4.9693
2023-11-03,4.9701
2023-11-06,4.9695
2023-11-07,4.9696
2023-11-08,4.9674
2023-11-09,4.9673
2023-11-10,4.9692
2023-11-13,4.9703
2023-11-14,4.9723
2023-11-15,4.9701
2023-11-16,4.9704
2023-11-17,4.9711
2023-11-20,4.9709
2023-11-21,4.9706
2023-11-22,4.9707
2023-11-23,4.971
2023-11-24,4.9703
2023-11-27,4.9702
2023-11-28,4.9725
2023-11-29,4.9726
2023-12-04,4.9678
2023-12-05,4.9672
2023-12-06,4.9681
2023-12-07,4.9679
2023-12-08,4.9677
2023-12-11,4.9708
2023-12-12,4.9724
2023-12-13,4.974
2023-12-14,4.972
2023-12-15,4.9709
2023-12-18,4.9676
2023-12-19,4.9704
2023-12-20,4.9702
2023-12-21,4.9692
2023-12-22,4.9695
2023-12-27,4.972
2023-12-28,4.9753
2023-12-29,4.9746
2024-01-03,4.9731
2024-01-04,4.973
2024-01-05,4.9744
2024-01-08,4.972
2024-01-09,4.9715
2024-01-10,4.9724
2024-01-11,4.9723
2024-01-12,4.9731
2024-01-15,4.9736
2024-01-16,4.9761
2024-01-17,4.9752
2024-01-18,4.9765
2024-01-19,4.9769
2024-01-22,4.9768
2024-01-23,4.9767
2024-01-25,4.9765
2024-01-26,4.9763
2024-01-29,4.977
2024-01-30,4.9769
2024-01-31,4.9759
2024-02-01,4.9747
2024-02-02,4.9728
2024-02-05,4.9736
2024-02-06,4.976
2024-02-07,4.9769
2024-02-08,4.9764
2024-02-09,4.977
2024-02-12,4.9753
2024-02-13,4.9761
2024-02-14,4.976
2024-02-15,4.9767
2024-02-16,4.977
2024-02-19,4.9773
2024-02-20,4.9771
2024-02-21,4.9759
2024-02-22,4.9769
2024-02-23,4.9753
2024-02-26,4.9731
2024-02-27,4.9686
2024-02-28,4.97
2024-02-29,4.969
2024-03-01,4.9699
2024-03-04,4.9698
2024-03-05,4.9719
2024-03-06,4.9718
2024-03-07,4.9707
2024-03-08,4.9691
2024-03-11,4.9671
2024-03-12,4.9665
2024-03-13,4.9675
2024-03-14,4.9712
2024-03-15,4.9707
2024-03-18,4.9715
2024-03-19,4.9741
2024-03-20,4.9739
2024-03-21,4.974
2024-03-22,4.9727
2024-03-25,4.9711
2024-03-26,4.9712
2024-03-27,4.971
2024-03-28,4.973
2024-03-29,4.9695
2024-04-01,4.97
2024-04-02,4.9705
2024-04-03,4.9689
2024-04-04,4.9708
2024-04-05,4.9681
2024-04-08,4.9678
2024-04-09,4.9682
2024-04-10,4.9692
2024-04-11,4.9703
2024-04-12,4.9714
2024-04-15,4.9737
2024-04-16,4.9763
2024-04-17,4.9754
2024-04-18,4.9763
2024-04-19,4.9764
2024-04-22,4.9758
2024-04-23,4.9762
2024-04-24,4.9761
2024-04-25,4.9763
2024-04-26,4.9765
2024-04-29,4.9758
2024-04-30,4.9759
2024-05-02,4.9764
2024-05-07,4.9757
2024-05-08,4.9761
2024-05-09,4.9753
2024-05-10,4.9756
2024-05-13,4.9765
2024-05-14,4.9763
2024-05-15,4.9765
2024-05-16,4.9756
2024-05-17,4.9751
2024-05-20,4.9748
2024-05-21,4.9746
2024-05-22,4.9745
2024-05-23,4.9757
2024-05-24,4.9744
2024-05-27,4.9767
2024-05-28,4.9759
2024-05-29,4.9762
2024-05-30,4.9766
2024-05-31,4.9767
2024-06-03,4.9761
2024-06-04,4.9752
2024-06-05,4.9758
2024-06-06,4.9763
2024-06-07,4.976
2024-06-10,4.9765
2024-06-11,4.9767
2024-06-12,4.9766
2024-06-13,4.9772
2024-06-14,4.9771
2024-06-17,4.9768
2024-06-18,4.9766
2024-06-19,4.9763
2024-06-20,4.977
2024-06-21,4.9771
2024-06-25,4.9768
2024-06-26,4.9769
2024-06-27,4.9768
2024-06-28,4.9771
2024-07-01,4.977
2024-07-02,4.977
2024-07-03,4.9771
2024-07-04,4.9772
2024-07-05,4.9773
2024-07-08,4.9755
2024-07-09,4.9735
2024-07-10,4.9736
2024-07-11,4.9749
2024-07-12,4.9737
2024-07-15,4.97
2024-07-16,4.9655
2024-07-17,4.9681
2024-07-18,4.9692
2024-07-19,4.9709
2024-07-22,4.9716
2024-07-23,4.9729
2024-07-24,4.9704
2024-07-25,4.969
2024-07-26,4.97
2024-07-29,4.972
2024-07-30,4.9753
2024-07-31,4.9752
2024-08-01,4.976
2024-08-02,4.9753
2024-08-05,4.9769
2024-08-06,4.9768
2024-08-07,4.9766
2024-08-08,4.9767
2024-08-09,4.9769
2024-08-12,4.9765
2024-08-13,4.9764
2024-08-14,4.9761
2024-08-16,4.9754
2024-08-19,4.9773
2024-08-20,4.9769
2024-08-21,4.9772
2024-08-22,4.9765
2024-08-23,4.9767
2024-08-26,4.9753
2024-08-27,4.9765
2024-08-28,4.9771
2024-08-29,4.9772
2024-08-30,4.9769
2024-09-02,4.9755
2024-09-03,4.9738
2024-09-04,4.9729
2024-09-05,4.9711
2024-09-06,4.9728
2024-09-09,4.9741
2024-09-10,4.9742
2024-09-11,4.974
2024-09-12,4.9742
2024-09-13,4.9737
2024-09-16,4.9743
2024-09-17,4.9738
2024-09-18,4.9746
2024-09-19,4.9744
2024-09-20,4.9745
2024-09-23,4.9741
2024-09-24,4.9757
2024-09-25,4.9758
2024-09-26,4.9759
2024-09-27,4.976
2024-09-30,4.9756
2024-10-01,4.9758
2024-10-02,4.9764
2024-10-03,4.9763
2024-10-04,4.9766
2024-10-07,4.977
2024-10-08,4.9771
2024-10-09,4.9763
2024-10-10,4.9759
2024-10-11,4.9752
2024-10-14,4.9744
2024-10-15,4.9755
2024-10-16,4.9758
2024-10-17,4.972
2024-10-18,4.9724
2024-10-21,4.9722
2024-10-22,4.9731
2024-10-23,4.9735
2024-10-24,4.9733
2024-10-25,4.9732
2024-10-28,4.9735
2024-10-29,4.9747
2024-10-30,4.9746
2024-10-31,4.9745
2024-11-01,4.9747
2024-11-04,4.9748
2024-11-05,4.975
2024-11-06,4.9755
2024-11-07,4.9757
2024-11-08,4.975
2024-11-11,4.9749
2024-11-12,4.9761
2024-11-13,4.9764
2024-11-14,4.9759
2024-11-15,4.9765
2024-11-18,4.9764
2024-11-19,4.9769
2024-11-20,4.9762
2024-11-21,4.9766
2024-11-22,4.9759
2024-11-25,4.9767
2024-11-26,4.9768
2024-11-27,4.9765
2024-11-28,4.9769
2024-11-29,4.9771
2024-12-02,4.9769
2024-12-03,4.977
2024-12-04,4.977
2024-12-05,4.9771
2024-12-06,4.9773
2024-12-09,4.9717
2024-12-10,4.9709
2024-12-11,4.9684
2024-12-12,4.9708
2024-12-13,4.9732
2024-12-16,4.9759
2024-12-17,4.9756
2024-12-18,4.9755
2024-12-19,4.9749
2024-12-20,4.9764
2024-12-23,4.9759
2024-12-24,4.9748
2024-12-27,4.9765
2024-12-30,4.9764
2024-12-31,4.9741
2025-01-03,4.9749
2025-01-08,4.9738
2025-01-09,4.9736
2025-01-10,4.9728
2025-01-13,4.9731
2025-01-14,4.9742
2025-01-15,4.975
2025-01-16,4.9749
2025-01-17,4.9759
2025-01-20,4.9765
2025-01-21,4.9764
2025-01-22,4.9768
2025-01-23,4.9763
2025-01-27,4.9756
2025-01-28,4.9748
2025-01-29,4.9759
2025-01-30,4.9761
2025-01-31,4.9767
2025-02-03,4.9766
2025-02-04,4.9769
2025-02-05,4.9766
2025-02-06,4.9764
2025-02-07,4.9767
2025-02-10,4.9765
2025-02-11,4.9771
2025-02-12,4.977
2025-02-13,4.9773
2025-02-14,4.9771
2025-02-17,4.977
2025-02-18,4.9771
2025-02-19,4.9772
2025-02-20,4.9773
2025-02-21,4.9773
2025-02-24,4.977
2025-02-25,4.9773
2025-02-26,4.9774
2025-02-27,4.9773
2025-02-28,4.9765
2025-03-03,4.9774
2025-03-04,4.9769
2025-03-05,4.977
2025-03-06,4.976
2025-03-07,4.9756
2025-03-10,4.9766
2025-03-11,4.9772
2025-03-12,4.9771
2025-03-13,4.977
2025-03-14,4.9768
2025-03-17,4.9773
2025-03-18,4.9774
2025-03-19,4.9769
2025-03-20,4.9768
2025-03-21,4.977
2025-03-24,4.9766
2025-03-25,4.9754
2025-03-26,4.9761
2025-03-27,4.9772
2025-03-28,4.9773
2025-03-31,4.9771
2025-04-01,4.977
2025-04-02,4.9774
2025-04-03,4.9772
2025-04-04,4.977
2025-04-07,4.9774
2025-04-08,4.9772
2025-04-09,4.9775
2025-04-10,4.9772
2025-04-11,4.9774
2025-04-14,4.9775
2025-04-15,4.9774
2025-04-16,4.9775
2025-04-17,4.9773
2025-04-22,4.9774
2025-04-23,4.9775
2025-04-24,4.9772
2025-04-25,4.9774
2025-04-28,4.9775
2025-04-29,4.9774
2025-04-30,4.9775
2025-05-02,4.9773
2025-05-05,4.9775
2025-05-06,5.0378
2025-05-07,5.0991
2025-05-08,5.1222
2025-05-09,5.1165
2025-05-12,5.0993
2025-05-13,5.0991
2025-05-14,5.1036
2025-05-15,5.1032
2025-05-16,5.1033
2025-05-19,5.0315
2025-05-20,5.0848
2025-05-21,5.073
2025-05-22,5.0564
2025-05-23,5.055
2025-05-26,5.0612
2025-05-27,5.0625
2025-05-28,5.0553
2025-05-29,5.0667
2025-05-30,5.0639
2025-06-02,5.0572
2025-06-03,5.0587
2025-06-04,5.0558
2025-06-05,5.0537
2025-06-06,5.0422
2025-06-10,5.0366
2025-06-11,5.0251
2025-06-12,5.0291
2025-06-13,5.032
2025-06-16,5.029
2025-06-17,5.0263
2025-06-18,5.0325
2025-06-19,5.0317
2025-06-20,5.0472
2025-06-23,5.0453
2025-06-24,5.0522
2025-06-25,5.0538
2025-06-26,5.0717
2025-06-27,5.078
2025-06-30,5.0777
2025-07-01,5.0772
2025-07-02,5.0665
2025-07-03,5.0603
2025-07-04,5.06
2025-07-07,5.0645
2025-07-08,5.0677
2025-07-09,5.0759
2025-07-10,5.0774
2025-07-11,5.081
2025-07-14,5.0795
2025-07-15,5.0798
2025-07-16,5.0722
2025-07-17,5.0724
2025-07-18,5.0736
2025-07-21,5.0703
2025-07-22,5.0705
2025-07-23,5.0693
2025-07-24,5.0692
2025-07-25,5.0708
2025-07-28,5.0704
2025-07-29,5.0751
2025-07-30,5.077
2025-07-31,5.0764
2025-08-01,5.077
2025-08-04,5.0742
2025-08-05,5.0749
2025-08-06,5.0747
2025-08-07,5.0736
2025-08-08,5.0711
2025-08-11,5.0676
2025-08-12,5.0683
2025-08-13,5.0633
2025-08-14,5.0628
2025-08-18,5.0588
2025-08-19,5.0573
2025-08-20,5.0611
2025-08-21,5.0578
2025-08-22,5.0545
2025-08-25,5.0539
2025-08-26,5.0552
2025-08-27,5.0629
2025-08-28,5.0672
2025-08-29,5.0722
2025-09-01,5.0725
2025-09-02,5.0781
2025-09-03,5.0779
2025-09-04,5.0772
2025-09-05,5.0787
2025-09-08,5.0716
2025-09-09,5.0737
2025-09-10,5.0733
2025-09-11,5.0707
2025-09-12,5.0694
2025-09-15,5.0632
2025-09-16,5.0634
2025-09-17,5.067
2025-09-18,5.0695
2025-09-19,5.0719
2025-09-22,5.0753
2025-09-23,5.0774
2025-09-24,5.0784
2025-09-25,5.0754
2025-09-26,5.0772
2025-09-29,5.0783
2025-09-30,5.0811
2025-10-01,5.082
2025-10-02,5.0837
2025-10-03,5.0889
2025-10-06,5.0886
2025-10-07,5.0916
2025-10-08,5.0963
2025-10-09,5.0953
2025-10-10,5.0927
2025-10-13,5.0903
2025-10-14,5.0879
2025-10-15,5.0885
2025-10-16,5.0884
2025-10-17,5.0889
2025-10-20,5.089
2025-10-21,5.0832
2025-10-22,5.0831
2025-10-23,5.0823
2025-10-24,5.0835
2025-10-27,5.0848
2025-10-28,5.0844
2025-10-29,5.0829
2025-10-30,5.0856
2025-10-31,5.0851
2025-11-03,5.0861
2025-11-04,5.0865
2025-11-05,5.0851
2025-11-06,5.0845
2025-11-07,5.086
2025-11-10,5.0854
2025-11-11,5.0845
2025-11-12,5.0846
2025-11-13,5.0839
2025-11-14,5.0847
2025-11-17,5.0844
2025-11-18,5.0859
2025-11-19,5.0889
2025-11-20,5.0889
2025-11-21,5.0891
2025-11-24,5.0871
2025-11-25,5.089
2025-11-26,5.0903
2025-11-27,5.0901
2025-11-28,5.0906
2025-12-02,5.0893
2025-12-03,5.091
2025-12-04,5.092
2025-12-05,5.0919
2025-12-08,5.0899
2025-12-09,5.0897
2025-12-10,5.0894
2025-12-11,5.0898
2025-12-12,5.0904
2025-12-15,5.0914
2025-12-16,5.092
2025-12-17,5.0923
2025-12-18,5.0911
2025-12-19,5.0896
2025-12-22,5.0881
2025-12-23,5.0908
2025-12-24,5.089
2025-12-29,5.092
2025-12-30,5.0963
2025-12-31,5.0985
2026-01-05,5.0905
2026-01-08,5.0871
2026-01-09,5.0887
2026-01-12,5.0896
2026-01-13,5.0896
2026-01-14,5.0897
2026-01-15,5.0891
2026-01-16,5.0894
2026-01-19,5.0921
2026-01-20,5.0929
2026-01-21,5.0961
2026-01-22,5.0936
2026-01-23,5.0943
2026-01-26,5.096
2026-01-27,5.0959
2026-01-28,5.096
2026-01-29,5.0957
2026-01-30,5.0961
2026-02-02,5.0959
2026-02-03,5.095
2026-02-04,5.0943
2026-02-05,5.0945
2026-02-06,5.0923
2026-02-09,5.0934
2026-02-10,5.091
2026-02-11,5.0914
2026-02-12,5.0934
2026-02-13,5.0943
2026-02-16,5.0953
2026-02-17,5.0965
2026-02-18,5.0941
2026-02-19,5.0956
2026-02-20,5.0974
2026-02-23,5.0968
2026-02-24,5.0954
2026-02-25,5.0953
2026-02-26,5.0955
2026-02-27,5.0953
2026-03-02,5.0972
2026-03-03,5.0981
2026-03-04,5.0959
2026-03-05,5.0937
2026-03-06,5.0941
2026-03-09,5.0979
2026-03-10,5.0955
2026-03-11,5.0937
2026-03-12,5.0938
2026-03-13,5.0947
2026-03-16,5.0949
2026-03-17,5.0937
2026-03-18,5.094
2026-03-19,5.0959
2026-03-20,5.0951
2026-03-23,5.0989
2026-03-24,5.0962
2026-03-25,5.0952
2026-03-26,5.0953
2026-03-27,5.0991
2026-03-30,5.0989
2026-03-31,5.0988
2026-04-01,5.0985
2026-04-02,5.0986
2026-04-03,5.0978
2026-04-06,5.0961
2026-04-07,5.0963
2026-04-08,5.0949
2026-04-09,5.0937
2026-04-14,5.092
2026-04-15,5.0914
2026-04-16,5.0918
2026-04-17,5.0987
2026-04-20,5.0989
2026-04-21,5.0988
2026-04-22,5.0951
2026-04-23,5.0924
2026-04-24,5.0928
2026-04-27,5.0927
2026-04-28,5.0937
2026-04-29,5.1004
2026-04-30,5.1417
